,face_engaged,face_glasses,face_happy,face_lefteyeclosed,face_lookingaway,face_mouthmoved,face_mouthopen,face_pitch,face_righteyeclosed,face_roll,face_yaw,hip_rot,index,shoulder_rot,ElbowLeftX,ElbowLeftY,ElbowLeftZ,ElbowRightX,ElbowRightY,ElbowRightZ,HeadX,HeadY,HeadZ,HipLeftX,HipLeftY,HipLeftZ,HipRightX,HipRightY,HipRightZ,NeckX,NeckY,NeckZ,ShoulderLeftX,ShoulderLeftY,ShoulderLeftZ,ShoulderRightX,ShoulderRightY,ShoulderRightZ,SpineBaseX,SpineBaseY,SpineBaseZ,SpineMidX,SpineMidY,SpineMidZ,SpineShoulderX,SpineShoulderY,SpineShoulderZ,WristLeftX,WristLeftY,WristLeftZ,WristRightX,WristRightY,WristRightZ,pedes_posX,pedes_posY,pedes_posZ
0,0,0,0,0,1,0,0,10,0,15,35,-0.38180302734010213,1,-0.48420759046925926,0.122031294,0.151137263,1.99546742,0.514925361,0.205472946,1.7873348,0.241817981,0.6679301,1.91933906,0.245761231,-0.0484881029,1.85984588,0.376294553,-0.0309394635,1.80743611,0.3045826,0.544128358,1.927637,0.1440012,0.40040794,1.98337138,0.4342841,0.425810844,1.8306911,0.3169788,-0.040464893,1.86855483,0.311669976,0.257982939,1.90406191,0.306658268,0.474214315,1.92381477,0.0556577966,-0.04531285,1.88860047,0.4892822,-0.0177347716,1.61423135,0.311669976,0.257982939,1.90406191
1,0,0,0,0,1,0,0,10,0,15,35,-0.38180302734010213,1,-0.48420759046925926,0.122031294,0.151137263,1.99546742,0.514925361,0.205472946,1.7873348,0.241817981,0.6679301,1.91933906,0.245761231,-0.0484881029,1.85984588,0.376294553,-0.0309394635,1.80743611,0.3045826,0.544128358,1.927637,0.1440012,0.40040794,1.98337138,0.4342841,0.425810844,1.8306911,0.3169788,-0.040464893,1.86855483,0.311669976,0.257982939,1.90406191,0.306658268,0.474214315,1.92381477,0.0556577966,-0.04531285,1.88860047,0.4892822,-0.0177347716,1.61423135,0.311669976,0.257982939,1.90406191
2,0,0,0,0,1,0,0,10,0,20,30,-0.38079065235682463,1,-0.4830541408387891,0.121414445,0.151071534,1.99544954,0.5145662,0.205349177,1.78747022,0.241481274,0.667798,1.91935945,0.245485738,-0.04853031,1.85979748,0.376172632,-0.0309539866,1.80747962,0.304249227,0.544136167,1.92771983,0.143608749,0.400329918,1.98306859,0.434034973,0.4258409,1.83074033,0.316784739,-0.04049215,1.86856389,0.311395615,0.257971525,1.90410781,0.306337535,0.4742171,1.92388856,0.0553917475,-0.0453918539,1.88848591,0.4891122,-0.0178325772,1.61431658,0.311395615,0.257971525,1.90410781
3,0,0,0,0,1,0,0,10,0,20,30,-0.38079065235682463,1,-0.4830541408387891,0.121414445,0.151071534,1.99544954,0.5145662,0.205349177,1.78747022,0.241481274,0.667798,1.91935945,0.245485738,-0.04853031,1.85979748,0.376172632,-0.0309539866,1.80747962,0.304249227,0.544136167,1.92771983,0.143608749,0.400329918,1.98306859,0.434034973,0.4258409,1.83074033,0.316784739,-0.04049215,1.86856389,0.311395615,0.257971525,1.90410781,0.306337535,0.4742171,1.92388856,0.0553917475,-0.0453918539,1.88848591,0.4891122,-0.0178325772,1.61431658,0.311395615,0.257971525,1.90410781
4,0,0,0,0,1,0,0,10,0,15,30,-0.38078239465098984,1,-0.4824491284229342,0.120987751,0.151079923,1.99543607,0.514263749,0.2050869,1.787695,0.241142288,0.6676894,1.91955125,0.24514,-0.0484880358,1.85996425,0.3759399,-0.0308639,1.80760241,0.303886831,0.5441864,1.92779911,0.1433093,0.4004752,1.98300385,0.433824033,0.425902843,1.83085322,0.316485465,-0.0404225253,1.86871147,0.311049849,0.2580338,1.90422821,0.305977046,0.4742706,1.92397916,0.0549496226,-0.04570248,1.88834167,0.488869965,-0.0181661118,1.61463714,0.311049849,0.2580338,1.90422821
5,0,0,0,0,1,0,0,-25,0,-10,35,-0.017882838405393366,3,-0.108851559011494,-0.8379542,0.0491041131,1.40829825,-0.4579535,0.0623477958,1.27431345,-0.6777548,0.360647261,1.194065,-0.759779632,0.0585913025,1.532455,-0.6200725,0.0429670066,1.52995634,-0.6486286,0.28899616,1.2657125,-0.8198421,0.209897026,1.34379244,-0.5347395,0.2504746,1.31263542,-0.6994729,0.051407937,1.55228829,-0.677887559,0.171752855,1.41404855,-0.656378269,0.260551929,1.30445182,-0.843846262,-0.108752981,1.4413991,-0.5042152,-0.06581116,1.145681,-0.677887559,0.171752855,1.41404855
6,0,0,0,0,1,0,0,10,0,15,30,-0.38078239465098984,1,-0.4824491284229342,0.120987751,0.151079923,1.99543607,0.514263749,0.2050869,1.787695,0.241142288,0.6676894,1.91955125,0.24514,-0.0484880358,1.85996425,0.3759399,-0.0308639,1.80760241,0.303886831,0.5441864,1.92779911,0.1433093,0.4004752,1.98300385,0.433824033,0.425902843,1.83085322,0.316485465,-0.0404225253,1.86871147,0.311049849,0.2580338,1.90422821,0.305977046,0.4742706,1.92397916,0.0549496226,-0.04570248,1.88834167,0.488869965,-0.0181661118,1.61463714,0.311049849,0.2580338,1.90422821
7,0,0,0,0,1,0,0,-25,0,-10,35,-0.017882838405393366,3,-0.108851559011494,-0.8379542,0.0491041131,1.40829825,-0.4579535,0.0623477958,1.27431345,-0.6777548,0.360647261,1.194065,-0.759779632,0.0585913025,1.532455,-0.6200725,0.0429670066,1.52995634,-0.6486286,0.28899616,1.2657125,-0.8198421,0.209897026,1.34379244,-0.5347395,0.2504746,1.31263542,-0.6994729,0.051407937,1.55228829,-0.677887559,0.171752855,1.41404855,-0.656378269,0.260551929,1.30445182,-0.843846262,-0.108752981,1.4413991,-0.5042152,-0.06581116,1.145681,-0.677887559,0.171752855,1.41404855
8,0,0,0,0,1,0,0,10,0,15,30,-0.3788769333869304,1,-0.48158866991205107,0.120204777,0.1508653,1.99516582,0.5138427,0.20444712,1.7874738,0.240899861,0.667553663,1.91951823,0.244782671,-0.0485455021,1.85977709,0.37575084,-0.0308967084,1.80763721,0.303584844,0.544111848,1.92779,0.14300552,0.400486916,1.98286617,0.433718681,0.425881267,1.83093023,0.316221476,-0.0404667929,1.8686583,0.310755223,0.257974982,1.90419888,0.30567503,0.474199951,1.92396522,0.05464388,-0.0457381643,1.88804948,0.488705158,-0.018791711,1.6143651,0.310755223,0.257974982,1.90419888
9,0,0,0,0,1,0,0,10,0,15,30,-0.3788769333869304,1,-0.48158866991205107,0.120204777,0.1508653,1.99516582,0.5138427,0.20444712,1.7874738,0.240899861,0.667553663,1.91951823,0.244782671,-0.0485455021,1.85977709,0.37575084,-0.0308967084,1.80763721,0.303584844,0.544111848,1.92779,0.14300552,0.400486916,1.98286617,0.433718681,0.425881267,1.83093023,0.316221476,-0.0404667929,1.8686583,0.310755223,0.257974982,1.90419888,0.30567503,0.474199951,1.92396522,0.05464388,-0.0457381643,1.88804948,0.488705158,-0.018791711,1.6143651,0.310755223,0.257974982,1.90419888
10,0,0,0,0,1,0,0,10,0,15,30,-0.3785128909324169,1,-0.48078664833067314,0.119882256,0.151003525,1.99517727,0.513605535,0.204413578,1.78750181,0.240491733,0.667537749,1.91948009,0.244484261,-0.0485367253,1.85980737,0.375546634,-0.0308488421,1.80768526,0.303369164,0.5441196,1.92778254,0.142557949,0.4003801,1.98281121,0.433574855,0.425930768,1.83101356,0.31596002,-0.040436767,1.86869931,0.3105073,0.257994443,1.90421736,0.305450231,0.47421062,1.92396426,0.0543894954,-0.04571792,1.88790357,0.488335282,-0.0188946072,1.61450815,0.3105073,0.257994443,1.90421736
11,0,0,0,0,1,0,0,-30,0,-15,35,-0.020467255651222677,3,-0.11240926613450977,-0.838486,0.05067999,1.4055258,-0.457672626,0.06709316,1.30509126,-0.6794037,0.359870523,1.19129026,-0.758019149,0.0543113872,1.52819932,-0.622516155,0.0360013433,1.52542555,-0.6493357,0.288869321,1.2638123,-0.823891342,0.216177881,1.34399641,-0.5358917,0.250861257,1.31148553,-0.699601054,0.0461127944,1.5479219,-0.677422762,0.170020938,1.41059864,-0.656890631,0.260095537,1.30214274,-0.828638434,-0.109964095,1.42557287,-0.514603853,-0.07938827,1.20798564,-0.677422762,0.170020938,1.41059864
12,0,0,0,0,1,0,0,10,0,15,30,-0.3785128909324169,1,-0.48078664833067314,0.119882256,0.151003525,1.99517727,0.513605535,0.204413578,1.78750181,0.240491733,0.667537749,1.91948009,0.244484261,-0.0485367253,1.85980737,0.375546634,-0.0308488421,1.80768526,0.303369164,0.5441196,1.92778254,0.142557949,0.4003801,1.98281121,0.433574855,0.425930768,1.83101356,0.31596002,-0.040436767,1.86869931,0.3105073,0.257994443,1.90421736,0.305450231,0.47421062,1.92396426,0.0543894954,-0.04571792,1.88790357,0.488335282,-0.0188946072,1.61450815,0.3105073,0.257994443,1.90421736
13,0,0,0,0,1,0,0,-30,0,-15,35,-0.020467255651222677,3,-0.11240926613450977,-0.838486,0.05067999,1.4055258,-0.457672626,0.06709316,1.30509126,-0.6794037,0.359870523,1.19129026,-0.758019149,0.0543113872,1.52819932,-0.622516155,0.0360013433,1.52542555,-0.6493357,0.288869321,1.2638123,-0.823891342,0.216177881,1.34399641,-0.5358917,0.250861257,1.31148553,-0.699601054,0.0461127944,1.5479219,-0.677422762,0.170020938,1.41059864,-0.656890631,0.260095537,1.30214274,-0.828638434,-0.109964095,1.42557287,-0.514603853,-0.07938827,1.20798564,-0.677422762,0.170020938,1.41059864
14,0,0,0,0,1,0,0,15,0,15,35,-0.378234561832402,1,-0.4802793911369179,0.119579814,0.151025817,1.99511087,0.513375461,0.204153672,1.78761721,0.240125641,0.667447031,1.91971636,0.244235516,-0.0485649966,1.85987151,0.3753472,-0.0308126435,1.807772,0.3032533,0.5441246,1.92782485,0.142260313,0.40035978,1.98277092,0.4333964,0.425981373,1.83109891,0.315727055,-0.04043246,1.86877608,0.310329676,0.258000076,1.90427923,0.30531913,0.474215955,1.92401171,0.05419407,-0.04582476,1.8876884,0.488027722,-0.0191912148,1.614687,0.310329676,0.258000076,1.90427923
15,0,0,0,0,1,0,0,-30,0,-10,35,0.010403987438524725,3,-0.1045586346227439,-0.8387823,0.0535175242,1.40324175,-0.5117566,0.0822807848,1.25956285,-0.680028439,0.359164,1.19058979,-0.760830343,0.0418534353,1.52064085,-0.6285177,0.0241687149,1.52201748,-0.650523,0.2883249,1.2632494,-0.8235551,0.213984653,1.34170949,-0.536751032,0.250645936,1.31161189,-0.7041862,0.03366244,1.54234743,-0.6798395,0.165190235,1.40770733,-0.6584273,0.258782774,1.30108309,-0.824951053,-0.102940738,1.4402498,-0.554120362,-0.0625643954,1.16519475,-0.6798395,0.165190235,1.40770733
16,0,0,0,0,1,0,0,15,0,15,35,-0.378234561832402,1,-0.4802793911369179,0.119579814,0.151025817,1.99511087,0.513375461,0.204153672,1.78761721,0.240125641,0.667447031,1.91971636,0.244235516,-0.0485649966,1.85987151,0.3753472,-0.0308126435,1.807772,0.3032533,0.5441246,1.92782485,0.142260313,0.40035978,1.98277092,0.4333964,0.425981373,1.83109891,0.315727055,-0.04043246,1.86877608,0.310329676,0.258000076,1.90427923,0.30531913,0.474215955,1.92401171,0.05419407,-0.04582476,1.8876884,0.488027722,-0.0191912148,1.614687,0.310329676,0.258000076,1.90427923
17,0,0,0,0,1,0,0,-30,0,-10,35,0.010403987438524725,3,-0.1045586346227439,-0.8387823,0.0535175242,1.40324175,-0.5117566,0.0822807848,1.25956285,-0.680028439,0.359164,1.19058979,-0.760830343,0.0418534353,1.52064085,-0.6285177,0.0241687149,1.52201748,-0.650523,0.2883249,1.2632494,-0.8235551,0.213984653,1.34170949,-0.536751032,0.250645936,1.31161189,-0.7041862,0.03366244,1.54234743,-0.6798395,0.165190235,1.40770733,-0.6584273,0.258782774,1.30108309,-0.824951053,-0.102940738,1.4402498,-0.554120362,-0.0625643954,1.16519475,-0.6798395,0.165190235,1.40770733
18,0,0,0,0,1,0,0,10,0,15,35,-0.37783903073968583,1,-0.47942049988168534,0.119318992,0.151053548,1.99512494,0.513104,0.203829885,1.78764212,0.239959568,0.6673975,1.919737,0.2439551,-0.0485772379,1.85990167,0.37513876,-0.03079742,1.80783367,0.303166151,0.54415077,1.92786062,0.1419308,0.40031895,1.98264909,0.433354616,0.425953835,1.83114529,0.315472752,-0.0404311121,1.868824,0.3101646,0.2580188,1.904324,0.305214345,0.474241078,1.92405009,0.0540743247,-0.0459450744,1.88759184,0.48767665,-0.0197437238,1.61503208,0.3101646,0.2580188,1.904324
19,0,0,0,0,1,0,0,-30,0,-10,35,0.0352023144078319,3,-0.10077721967948688,-0.8387502,0.0539803542,1.4027338,-0.458840758,0.0757288039,1.33304965,-0.680323243,0.3589517,1.19027448,-0.758056462,0.0299208984,1.51290667,-0.628566444,0.0135006141,1.5174669,-0.651263833,0.287934661,1.26283133,-0.82309407,0.211635768,1.34059155,-0.537179768,0.2507034,1.31168,-0.702934861,0.0221133381,1.53617966,-0.6802218,0.160014451,1.40454149,-0.659260631,0.2575968,1.300151,-0.8103815,-0.0918760747,1.46509087,-0.503650546,-0.08272849,1.295031,-0.6802218,0.160014451,1.40454149
20,0,0,0,0,1,0,0,10,0,15,35,-0.37783903073968583,1,-0.47942049988168534,0.119318992,0.151053548,1.99512494,0.513104,0.203829885,1.78764212,0.239959568,0.6673975,1.919737,0.2439551,-0.0485772379,1.85990167,0.37513876,-0.03079742,1.80783367,0.303166151,0.54415077,1.92786062,0.1419308,0.40031895,1.98264909,0.433354616,0.425953835,1.83114529,0.315472752,-0.0404311121,1.868824,0.3101646,0.2580188,1.904324,0.305214345,0.474241078,1.92405009,0.0540743247,-0.0459450744,1.88759184,0.48767665,-0.0197437238,1.61503208,0.3101646,0.2580188,1.904324
21,0,0,0,0,1,0,0,-30,0,-10,35,0.0352023144078319,3,-0.10077721967948688,-0.8387502,0.0539803542,1.4027338,-0.458840758,0.0757288039,1.33304965,-0.680323243,0.3589517,1.19027448,-0.758056462,0.0299208984,1.51290667,-0.628566444,0.0135006141,1.5174669,-0.651263833,0.287934661,1.26283133,-0.82309407,0.211635768,1.34059155,-0.537179768,0.2507034,1.31168,-0.702934861,0.0221133381,1.53617966,-0.6802218,0.160014451,1.40454149,-0.659260631,0.2575968,1.300151,-0.8103815,-0.0918760747,1.46509087,-0.503650546,-0.08272849,1.295031,-0.6802218,0.160014451,1.40454149
22,0,0,0,0,1,0,0,10,0,15,30,-0.37695863315074013,1,-0.47865658742872047,0.1188964,0.150969341,1.99495566,0.5128127,0.203547791,1.78775358,0.23981674,0.667422533,1.9197278,0.243813112,-0.0486106724,1.85983431,0.3750775,-0.0308046564,1.807868,0.302859664,0.5440786,1.92784691,0.141717345,0.4002674,1.98247707,0.43323195,0.4259683,1.83120883,0.3153802,-0.04044888,1.868818,0.309971124,0.257977575,1.90431654,0.304936439,0.4741772,1.92403853,0.0538305268,-0.0460910052,1.88747871,0.487100482,-0.0203453582,1.61561465,0.309971124,0.257977575,1.90431654
23,0,0,0,0,1,0,0,10,0,15,30,-0.37695863315074013,1,-0.47865658742872047,0.1188964,0.150969341,1.99495566,0.5128127,0.203547791,1.78775358,0.23981674,0.667422533,1.9197278,0.243813112,-0.0486106724,1.85983431,0.3750775,-0.0308046564,1.807868,0.302859664,0.5440786,1.92784691,0.141717345,0.4002674,1.98247707,0.43323195,0.4259683,1.83120883,0.3153802,-0.04044888,1.868818,0.309971124,0.257977575,1.90431654,0.304936439,0.4741772,1.92403853,0.0538305268,-0.0460910052,1.88747871,0.487100482,-0.0203453582,1.61561465,0.309971124,0.257977575,1.90431654
24,0,0,0,0,1,0,0,10,0,15,35,-0.374891642897878,1,-0.4770235613820676,0.118355408,0.150829762,1.994777,0.512409866,0.203359991,1.78796327,0.239502981,0.667376339,1.91972649,0.243396461,-0.0486418381,1.85977268,0.374849141,-0.0308350921,1.80804586,0.302594483,0.544138551,1.92791367,0.141380563,0.400348455,1.98210549,0.433015645,0.425943553,1.8313787,0.315066248,-0.0404787138,1.86887312,0.309679359,0.2579965,1.90437675,0.304663718,0.474226415,1.92410266,0.0531411543,-0.0465478376,1.88649106,0.48660925,-0.0205561444,1.615865,0.309679359,0.2579965,1.90437675
25,0,0,0,0,1,0,0,10,0,15,35,-0.374891642897878,1,-0.4770235613820676,0.118355408,0.150829762,1.994777,0.512409866,0.203359991,1.78796327,0.239502981,0.667376339,1.91972649,0.243396461,-0.0486418381,1.85977268,0.374849141,-0.0308350921,1.80804586,0.302594483,0.544138551,1.92791367,0.141380563,0.400348455,1.98210549,0.433015645,0.425943553,1.8313787,0.315066248,-0.0404787138,1.86887312,0.309679359,0.2579965,1.90437675,0.304663718,0.474226415,1.92410266,0.0531411543,-0.0465478376,1.88649106,0.48660925,-0.0205561444,1.615865,0.309679359,0.2579965,1.90437675
26,0,0,0,0,1,0,0,10,0,15,35,-0.37401298439865144,1,-0.47643443325218776,0.11814297,0.150806025,1.99449277,0.5122122,0.203285,1.78802276,0.239219964,0.667250454,1.91955292,0.243040845,-0.0486434922,1.859509,0.374530137,-0.0308095179,1.80790114,0.302393973,0.544145048,1.92783475,0.141153514,0.400270522,1.98188436,0.432881624,0.425919384,1.8313272,0.314712882,-0.0404674336,1.86866963,0.30939883,0.258006126,1.90424263,0.304443151,0.474233866,1.92401135,0.0527095,-0.0470170155,1.8855592,0.486293882,-0.0206734054,1.61599648,0.30939883,0.258006126,1.90424263
27,0,0,0,0,1,0,0,10,0,15,35,-0.37401298439865144,1,-0.47643443325218776,0.11814297,0.150806025,1.99449277,0.5122122,0.203285,1.78802276,0.239219964,0.667250454,1.91955292,0.243040845,-0.0486434922,1.859509,0.374530137,-0.0308095179,1.80790114,0.302393973,0.544145048,1.92783475,0.141153514,0.400270522,1.98188436,0.432881624,0.425919384,1.8313272,0.314712882,-0.0404674336,1.86866963,0.30939883,0.258006126,1.90424263,0.304443151,0.474233866,1.92401135,0.0527095,-0.0470170155,1.8855592,0.486293882,-0.0206734054,1.61599648,0.30939883,0.258006126,1.90424263
28,0,0,0,0,1,0,0,10,0,15,30,-0.37388881926458756,1,-0.4758514826417644,0.117894664,0.150693223,1.99440753,0.5120451,0.20327951,1.78822386,0.239140779,0.667212963,1.919534,0.2427987,-0.04860403,1.85947323,0.374291956,-0.0307471175,1.80788267,0.30234763,0.5441644,1.92786193,0.140923873,0.40042603,1.98184085,0.432757944,0.425908178,1.83144438,0.3144596,-0.04041608,1.86864185,0.309268951,0.258039534,1.904254,0.3043804,0.474256128,1.92403626,0.052588515,-0.0469459668,1.88540876,0.485892773,-0.020838337,1.61644375,0.309268951,0.258039534,1.904254
29,0,0,0,0,1,0,0,-30,0,-15,35,0.06150377891836593,3,-0.11587082205538757,-0.8350059,0.07431841,1.40862072,-0.4629728,0.0746080354,1.37659729,-0.6807941,0.358728379,1.191695,-0.7271179,-0.00321378466,1.49861825,-0.614737034,-0.0111619215,1.50553882,-0.64983356,0.288477361,1.26473093,-0.8253906,0.221865565,1.34656715,-0.537706137,0.249877,1.31308293,-0.6800597,-0.009952334,1.52233,-0.6693777,0.144451573,1.39763224,-0.6562878,0.255404174,1.30044746,-0.8124804,-0.088368535,1.46877086,-0.50972265,-0.09915267,1.39012492,-0.6693777,0.144451573,1.39763224
30,0,0,0,0,1,0,0,10,0,15,30,-0.37388881926458756,1,-0.4758514826417644,0.117894664,0.150693223,1.99440753,0.5120451,0.20327951,1.78822386,0.239140779,0.667212963,1.919534,0.2427987,-0.04860403,1.85947323,0.374291956,-0.0307471175,1.80788267,0.30234763,0.5441644,1.92786193,0.140923873,0.40042603,1.98184085,0.432757944,0.425908178,1.83144438,0.3144596,-0.04041608,1.86864185,0.309268951,0.258039534,1.904254,0.3043804,0.474256128,1.92403626,0.052588515,-0.0469459668,1.88540876,0.485892773,-0.020838337,1.61644375,0.309268951,0.258039534,1.904254
31,0,0,0,0,1,0,0,-30,0,-15,35,0.06150377891836593,3,-0.11587082205538757,-0.8350059,0.07431841,1.40862072,-0.4629728,0.0746080354,1.37659729,-0.6807941,0.358728379,1.191695,-0.7271179,-0.00321378466,1.49861825,-0.614737034,-0.0111619215,1.50553882,-0.64983356,0.288477361,1.26473093,-0.8253906,0.221865565,1.34656715,-0.537706137,0.249877,1.31308293,-0.6800597,-0.009952334,1.52233,-0.6693777,0.144451573,1.39763224,-0.6562878,0.255404174,1.30044746,-0.8124804,-0.088368535,1.46877086,-0.50972265,-0.09915267,1.39012492,-0.6693777,0.144451573,1.39763224
32,0,0,0,0,1,0,0,10,0,15,30,-0.37339546661029954,1,-0.4753086845463083,0.117702447,0.150630832,1.99426556,0.5118149,0.203266546,1.78826773,0.239030734,0.667223,1.91942883,0.242621943,-0.0486463532,1.85940027,0.374159575,-0.0307961591,1.80786717,0.302147478,0.5441348,1.92771077,0.140676737,0.400462031,1.98164344,0.432623655,0.425885856,1.83138931,0.314298064,-0.0404648148,1.868599,0.309081644,0.257999331,1.90416229,0.3041821,0.474223852,1.923901,0.0525737,-0.0467302762,1.88539267,0.485710353,-0.02085612,1.616483,0.309081644,0.257999331,1.90416229
33,0,0,0,0,1,0,0,10,0,15,30,-0.37339546661029954,1,-0.4753086845463083,0.117702447,0.150630832,1.99426556,0.5118149,0.203266546,1.78826773,0.239030734,0.667223,1.91942883,0.242621943,-0.0486463532,1.85940027,0.374159575,-0.0307961591,1.80786717,0.302147478,0.5441348,1.92771077,0.140676737,0.400462031,1.98164344,0.432623655,0.425885856,1.83138931,0.314298064,-0.0404648148,1.868599,0.309081644,0.257999331,1.90416229,0.3041821,0.474223852,1.923901,0.0525737,-0.0467302762,1.88539267,0.485710353,-0.02085612,1.616483,0.309081644,0.257999331,1.90416229
34,0,0,0,0,1,0,0,10,0,15,30,-0.3723308397724321,1,-0.47475448761869904,0.117670208,0.150656685,1.99426734,0.5115542,0.203190237,1.78847837,0.238967,0.6672426,1.9193449,0.242478445,-0.048608318,1.85931516,0.374056816,-0.0307637043,1.80792761,0.30209294,0.5441776,1.92774725,0.140537828,0.400470138,1.98167717,0.432600081,0.425936818,1.83156836,0.3141861,-0.040434,1.86859345,0.308998555,0.258036554,1.90417945,0.30412066,0.474265069,1.92393267,0.0525524728,-0.04672165,1.88535774,0.485531,-0.0209231526,1.61666572,0.308998555,0.258036554,1.90417945
35,0,0,0,0,1,0,0,10,0,15,30,-0.3723308397724321,1,-0.47475448761869904,0.117670208,0.150656685,1.99426734,0.5115542,0.203190237,1.78847837,0.238967,0.6672426,1.9193449,0.242478445,-0.048608318,1.85931516,0.374056816,-0.0307637043,1.80792761,0.30209294,0.5441776,1.92774725,0.140537828,0.400470138,1.98167717,0.432600081,0.425936818,1.83156836,0.3141861,-0.040434,1.86859345,0.308998555,0.258036554,1.90417945,0.30412066,0.474265069,1.92393267,0.0525524728,-0.04672165,1.88535774,0.485531,-0.0209231526,1.61666572,0.308998555,0.258036554,1.90417945
36,0,0,0,0,1,0,0,10,0,15,30,-0.3718070872240115,1,-0.47401790662216414,0.117495313,0.1506799,1.99421215,0.5112824,0.203012943,1.78851032,0.23879382,0.6672182,1.91915071,0.242303178,-0.0486062877,1.85921657,0.373953432,-0.03075871,1.8078804,0.302032262,0.5441607,1.927707,0.140430465,0.4004458,1.98143744,0.432564378,0.425938129,1.83156371,0.3140397,-0.0404307321,1.86852038,0.308893621,0.2580275,1.90412271,0.304049224,0.474249661,1.92388833,0.0525757968,-0.046477627,1.88534415,0.485338271,-0.0210117139,1.6165626,0.308893621,0.2580275,1.90412271
37,0,0,0,0,1,0,0,-30,0,-15,35,0.022548208135390924,3,-0.08523754678709085,-0.839208961,0.06975487,1.40936446,-0.461076528,0.07489953,1.39354348,-0.678966045,0.359682858,1.19800675,-0.722596467,-0.009214459,1.50755453,-0.612426341,-0.00646371534,1.51003909,-0.645972669,0.2854618,1.27641058,-0.8235837,0.21751903,1.3519274,-0.5380618,0.2494063,1.3275311,-0.676926732,-0.00877323,1.528738,-0.6655149,0.14297913,1.4043411,-0.6520544,0.25146547,1.30953074,-0.8104774,-0.09312541,1.47777891,-0.506443262,-0.10392727,1.42306566,-0.6655149,0.14297913,1.4043411
38,0,0,0,0,1,0,0,10,0,15,30,-0.3718070872240115,1,-0.47401790662216414,0.117495313,0.1506799,1.99421215,0.5112824,0.203012943,1.78851032,0.23879382,0.6672182,1.91915071,0.242303178,-0.0486062877,1.85921657,0.373953432,-0.03075871,1.8078804,0.302032262,0.5441607,1.927707,0.140430465,0.4004458,1.98143744,0.432564378,0.425938129,1.83156371,0.3140397,-0.0404307321,1.86852038,0.308893621,0.2580275,1.90412271,0.304049224,0.474249661,1.92388833,0.0525757968,-0.046477627,1.88534415,0.485338271,-0.0210117139,1.6165626,0.308893621,0.2580275,1.90412271
39,0,0,0,0,1,0,0,-30,0,-15,35,0.022548208135390924,3,-0.08523754678709085,-0.839208961,0.06975487,1.40936446,-0.461076528,0.07489953,1.39354348,-0.678966045,0.359682858,1.19800675,-0.722596467,-0.009214459,1.50755453,-0.612426341,-0.00646371534,1.51003909,-0.645972669,0.2854618,1.27641058,-0.8235837,0.21751903,1.3519274,-0.5380618,0.2494063,1.3275311,-0.676926732,-0.00877323,1.528738,-0.6655149,0.14297913,1.4043411,-0.6520544,0.25146547,1.30953074,-0.8104774,-0.09312541,1.47777891,-0.506443262,-0.10392727,1.42306566,-0.6655149,0.14297913,1.4043411
40,0,0,0,0,1,0,0,10,0,15,30,-0.36963706547822084,1,-0.47304163191020976,0.117323764,0.150545612,1.9938724,0.511063933,0.20297493,1.78839874,0.238622651,0.6670723,1.91878247,0.242036521,-0.0486448668,1.85889816,0.373850942,-0.0307782758,1.80782723,0.3018267,0.5441242,1.92734849,0.140223414,0.4004637,1.981065,0.432447165,0.425928175,1.83150542,0.3138567,-0.04046102,1.86835957,0.308690637,0.25799492,1.90387225,0.303842485,0.474214554,1.92355847,0.0525586456,-0.04647476,1.8851496,0.485162854,-0.0211055987,1.61651456,0.308690637,0.25799492,1.90387225
41,0,0,0,0,1,0,0,10,0,15,30,-0.36963706547822084,1,-0.47304163191020976,0.117323764,0.150545612,1.9938724,0.511063933,0.20297493,1.78839874,0.238622651,0.6670723,1.91878247,0.242036521,-0.0486448668,1.85889816,0.373850942,-0.0307782758,1.80782723,0.3018267,0.5441242,1.92734849,0.140223414,0.4004637,1.981065,0.432447165,0.425928175,1.83150542,0.3138567,-0.04046102,1.86835957,0.308690637,0.25799492,1.90387225,0.303842485,0.474214554,1.92355847,0.0525586456,-0.04647476,1.8851496,0.485162854,-0.0211055987,1.61651456,0.308690637,0.25799492,1.90387225
42,0,0,0,0,1,0,0,10,0,15,35,-0.3694462687121888,1,-0.47267473905322405,0.117187493,0.150454983,1.99378157,0.510943651,0.2029434,1.78837347,0.238540992,0.667086363,1.91873157,0.241807833,-0.0485942177,1.858891,0.373646766,-0.0307552889,1.80783951,0.301719546,0.5441305,1.92726386,0.140063182,0.400521457,1.98095691,0.432350069,0.425952941,1.83150029,0.313628167,-0.0404240228,1.8683604,0.3085292,0.25801453,1.90382552,0.303723067,0.474224,1.92348313,0.0525964126,-0.0463423431,1.8850975,0.484853327,-0.021295324,1.61672449,0.3085292,0.25801453,1.90382552
43,0,0,0,0,1,0,0,-30,0,-15,35,0.03771043289904359,3,-0.06193116599237892,-0.841466963,0.06626538,1.41235375,-0.458030552,0.07538336,1.40437484,-0.6759548,0.361330181,1.20576167,-0.720627248,-0.0126638841,1.51361907,-0.610111237,-0.006458243,1.51778865,-0.645397544,0.286866933,1.27907336,-0.821238756,0.214173838,1.35698771,-0.536736131,0.249606654,1.33934557,-0.6746236,-0.0102069564,1.53615785,-0.663229,0.142179862,1.4101851,-0.6510067,0.2520979,1.31281531,-0.810061157,-0.09448489,1.48073816,-0.4992649,-0.102424778,1.44552183,-0.663229,0.142179862,1.4101851
44,0,0,0,0,1,0,0,10,0,15,35,-0.3694462687121888,1,-0.47267473905322405,0.117187493,0.150454983,1.99378157,0.510943651,0.2029434,1.78837347,0.238540992,0.667086363,1.91873157,0.241807833,-0.0485942177,1.858891,0.373646766,-0.0307552889,1.80783951,0.301719546,0.5441305,1.92726386,0.140063182,0.400521457,1.98095691,0.432350069,0.425952941,1.83150029,0.313628167,-0.0404240228,1.8683604,0.3085292,0.25801453,1.90382552,0.303723067,0.474224,1.92348313,0.0525964126,-0.0463423431,1.8850975,0.484853327,-0.021295324,1.61672449,0.3085292,0.25801453,1.90382552
45,0,0,0,0,1,0,0,-30,0,-15,35,0.03771043289904359,3,-0.06193116599237892,-0.841466963,0.06626538,1.41235375,-0.458030552,0.07538336,1.40437484,-0.6759548,0.361330181,1.20576167,-0.720627248,-0.0126638841,1.51361907,-0.610111237,-0.006458243,1.51778865,-0.645397544,0.286866933,1.27907336,-0.821238756,0.214173838,1.35698771,-0.536736131,0.249606654,1.33934557,-0.6746236,-0.0102069564,1.53615785,-0.663229,0.142179862,1.4101851,-0.6510067,0.2520979,1.31281531,-0.810061157,-0.09448489,1.48073816,-0.4992649,-0.102424778,1.44552183,-0.663229,0.142179862,1.4101851
46,0,0,0,0,1,0,0,10,0,15,30,-0.36978640071940566,1,-0.47247755540996567,0.117106058,0.150410429,1.99364507,0.5107208,0.202877343,1.78834128,0.238381863,0.6670272,1.91836989,0.241682827,-0.04856152,1.85886419,0.373484969,-0.0307007283,1.80777538,0.301630646,0.54418087,1.92723775,0.13983503,0.4005285,1.98091471,0.432271838,0.4259653,1.83145416,0.313476652,-0.04037996,1.86831343,0.3084042,0.2580645,1.90378857,0.30362463,0.474274874,1.9234544,0.0525794923,-0.0461778939,1.8851012,0.4846456,-0.0215010662,1.61687279,0.3084042,0.2580645,1.90378857
47,0,0,0,0,1,0,0,10,0,15,30,-0.36978640071940566,1,-0.47247755540996567,0.117106058,0.150410429,1.99364507,0.5107208,0.202877343,1.78834128,0.238381863,0.6670272,1.91836989,0.241682827,-0.04856152,1.85886419,0.373484969,-0.0307007283,1.80777538,0.301630646,0.54418087,1.92723775,0.13983503,0.4005285,1.98091471,0.432271838,0.4259653,1.83145416,0.313476652,-0.04037996,1.86831343,0.3084042,0.2580645,1.90378857,0.30362463,0.474274874,1.9234544,0.0525794923,-0.0461778939,1.8851012,0.4846456,-0.0215010662,1.61687279,0.3084042,0.2580645,1.90378857
48,0,0,0,0,1,0,0,10,0,15,35,-0.36919598829170375,1,-0.47219771148912504,0.117009357,0.150658682,1.993466,0.51056993,0.202912092,1.788257,0.238279641,0.6671646,1.91817486,0.2414726,-0.0484847762,1.85885346,0.373315,-0.0306784213,1.80783856,0.301474661,0.5441848,1.92714739,0.1397121,0.4007081,1.98080587,0.4322149,0.4259852,1.83141482,0.313282728,-0.0403320454,1.8683393,0.308231533,0.258089,1.90375638,0.3034647,0.474284053,1.92337918,0.0525653437,-0.04610382,1.88514435,0.484457225,-0.0215555858,1.61690891,0.308231533,0.258089,1.90375638
49,0,0,0,0,1,0,0,10,0,15,35,-0.36919598829170375,1,-0.47219771148912504,0.117009357,0.150658682,1.993466,0.51056993,0.202912092,1.788257,0.238279641,0.6671646,1.91817486,0.2414726,-0.0484847762,1.85885346,0.373315,-0.0306784213,1.80783856,0.301474661,0.5441848,1.92714739,0.1397121,0.4007081,1.98080587,0.4322149,0.4259852,1.83141482,0.313282728,-0.0403320454,1.8683393,0.308231533,0.258089,1.90375638,0.3034647,0.474284053,1.92337918,0.0525653437,-0.04610382,1.88514435,0.484457225,-0.0215555858,1.61690891,0.308231533,0.258089,1.90375638
50,0,0,0,0,1,0,0,10,0,15,30,-0.3691115235887018,1,-0.47214254220840346,0.116940677,0.150663644,1.993462,0.510421,0.202866316,1.78829157,0.238182768,0.667306542,1.91799831,0.24130176,-0.0484142,1.858856,0.373101145,-0.03061975,1.80787051,0.3014421,0.544172764,1.92713535,0.13955988,0.400808215,1.98077679,0.432130277,0.425985515,1.83137155,0.31308198,-0.04026555,1.8683542,0.3081328,0.258101881,1.90375137,0.303419769,0.4742761,1.9233681,0.0525293425,-0.0461289175,1.885145,0.484340072,-0.0215831287,1.616908,0.3081328,0.258101881,1.90375137
51,0,0,0,0,1,0,0,10,0,15,30,-0.3691115235887018,1,-0.47214254220840346,0.116940677,0.150663644,1.993462,0.510421,0.202866316,1.78829157,0.238182768,0.667306542,1.91799831,0.24130176,-0.0484142,1.858856,0.373101145,-0.03061975,1.80787051,0.3014421,0.544172764,1.92713535,0.13955988,0.400808215,1.98077679,0.432130277,0.425985515,1.83137155,0.31308198,-0.04026555,1.8683542,0.3081328,0.258101881,1.90375137,0.303419769,0.4742761,1.9233681,0.0525293425,-0.0461289175,1.885145,0.484340072,-0.0215831287,1.616908,0.3081328,0.258101881,1.90375137
52,0,0,0,0,1,0,0,5,0,10,30,-0.36723552177694513,1,-0.4717219721220035,0.116710812,0.1507054,1.99321127,0.510153532,0.202831313,1.787994,0.238025,0.667219,1.91750908,0.241094828,-0.0484715328,1.85848677,0.372981846,-0.0306818057,1.80775166,0.301267,0.544220269,1.92686331,0.139324591,0.4006813,1.980475,0.432001829,0.4259695,1.83117032,0.31291464,-0.0403306857,1.868124,0.3079545,0.258094877,1.90350211,0.3032422,0.474310428,1.92310178,0.0522086322,-0.04641421,1.88455975,0.484218538,-0.0217632037,1.61678,0.3079545,0.258094877,1.90350211
53,0,0,0,0,1,0,0,5,0,10,30,-0.36723552177694513,1,-0.4717219721220035,0.116710812,0.1507054,1.99321127,0.510153532,0.202831313,1.787994,0.238025,0.667219,1.91750908,0.241094828,-0.0484715328,1.85848677,0.372981846,-0.0306818057,1.80775166,0.301267,0.544220269,1.92686331,0.139324591,0.4006813,1.980475,0.432001829,0.4259695,1.83117032,0.31291464,-0.0403306857,1.868124,0.3079545,0.258094877,1.90350211,0.3032422,0.474310428,1.92310178,0.0522086322,-0.04641421,1.88455975,0.484218538,-0.0217632037,1.61678,0.3079545,0.258094877,1.90350211
54,0,0,0,0,1,0,0,5,0,10,30,-0.36793154953102736,1,-0.47211146052748104,0.116640367,0.150745362,1.99317634,0.5099648,0.202671468,1.787838,0.237905025,0.6671828,1.9173187,0.240938768,-0.0484459437,1.85844886,0.372749329,-0.030624738,1.80763781,0.301041067,0.5442237,1.92660868,0.139259622,0.400689125,1.98043048,0.4317983,0.425971627,1.8310529,0.3127133,-0.0402897447,1.86804843,0.307735443,0.258120745,1.90334749,0.3030165,0.4743204,1.92287421,0.0520399474,-0.0464730822,1.88439882,0.4839992,-0.0219393112,1.61664486,0.307735443,0.258120745,1.90334749
55,0,0,0,0,1,0,0,5,0,10,30,-0.36793154953102736,1,-0.47211146052748104,0.116640367,0.150745362,1.99317634,0.5099648,0.202671468,1.787838,0.237905025,0.6671828,1.9173187,0.240938768,-0.0484459437,1.85844886,0.372749329,-0.030624738,1.80763781,0.301041067,0.5442237,1.92660868,0.139259622,0.400689125,1.98043048,0.4317983,0.425971627,1.8310529,0.3127133,-0.0402897447,1.86804843,0.307735443,0.258120745,1.90334749,0.3030165,0.4743204,1.92287421,0.0520399474,-0.0464730822,1.88439882,0.4839992,-0.0219393112,1.61664486,0.307735443,0.258120745,1.90334749
56,0,0,0,0,1,0,0,10,0,15,35,-0.3672206870736298,1,-0.4720876085589931,0.116460286,0.150693625,1.993249,0.5097092,0.20247665,1.78767884,0.237803936,0.667217135,1.91728663,0.240812525,-0.0483919233,1.8584137,0.3726242,-0.0305919368,1.80770981,0.3009664,0.5442497,1.926517,0.139026612,0.400754243,1.98049128,0.431665659,0.425933361,1.83107126,0.312591672,-0.040248476,1.86806309,0.30764246,0.258152038,1.90331161,0.302937567,0.474347562,1.92279851,0.0518742055,-0.0465735681,1.88432229,0.4837201,-0.0222109687,1.61658669,0.30764246,0.258152038,1.90331161
57,0,0,0,0,1,0,0,10,0,15,35,-0.3672206870736298,1,-0.4720876085589931,0.116460286,0.150693625,1.993249,0.5097092,0.20247665,1.78767884,0.237803936,0.667217135,1.91728663,0.240812525,-0.0483919233,1.8584137,0.3726242,-0.0305919368,1.80770981,0.3009664,0.5442497,1.926517,0.139026612,0.400754243,1.98049128,0.431665659,0.425933361,1.83107126,0.312591672,-0.040248476,1.86806309,0.30764246,0.258152038,1.90331161,0.302937567,0.474347562,1.92279851,0.0518742055,-0.0465735681,1.88432229,0.4837201,-0.0222109687,1.61658669,0.30764246,0.258152038,1.90331161
58,0,0,0,0,1,0,0,5,0,15,35,-0.36676749784646284,1,-0.47179934723267714,0.1163008,0.15069212,1.993312,0.5095414,0.20240137,1.78769243,0.237540126,0.667463243,1.91709554,0.240629628,-0.04834241,1.85842371,0.372507125,-0.0305551812,1.8077631,0.300862819,0.5442731,1.92647946,0.138966292,0.400846779,1.98043442,0.431596458,0.4259354,1.83112526,0.312438458,-0.04020492,1.86809492,0.30751127,0.258185565,1.90330529,0.302826732,0.47437346,1.922768,0.0517159738,-0.04661285,1.88431466,0.4835548,-0.0223160461,1.6166327,0.30751127,0.258185565,1.90330529
59,0,0,0,0,1,0,0,5,0,15,35,-0.36676749784646284,1,-0.47179934723267714,0.1163008,0.15069212,1.993312,0.5095414,0.20240137,1.78769243,0.237540126,0.667463243,1.91709554,0.240629628,-0.04834241,1.85842371,0.372507125,-0.0305551812,1.8077631,0.300862819,0.5442731,1.92647946,0.138966292,0.400846779,1.98043442,0.431596458,0.4259354,1.83112526,0.312438458,-0.04020492,1.86809492,0.30751127,0.258185565,1.90330529,0.302826732,0.47437346,1.922768,0.0517159738,-0.04661285,1.88431466,0.4835548,-0.0223160461,1.6166327,0.30751127,0.258185565,1.90330529
60,0,0,0,0,1,0,0,10,0,15,30,-0.36612894243748545,1,-0.47185971594179854,0.116073467,0.150673687,1.99324811,0.5092368,0.202117071,1.78729725,0.237320378,0.6673188,1.91672838,0.240404129,-0.04836496,1.85830653,0.372336179,-0.0305610448,1.80772161,0.3007498,0.544272,1.92638576,0.138871312,0.400957376,1.98030651,0.431313246,0.425801843,1.83107114,0.312232167,-0.0402188674,1.86801517,0.307347775,0.258180052,1.90321577,0.3027008,0.4743717,1.92267489,0.0515261255,-0.0467346646,1.88406408,0.4829846,-0.02265249,1.61633754,0.307347775,0.258180052,1.90321577
61,0,0,0,0,1,0,0,-20,0,-10,30,0.04333095458576598,3,0.02379390820213058,-0.84475857,0.0712852851,1.49010181,-0.4667423,0.0800612345,1.49674129,-0.6543477,0.425579816,1.30194688,-0.7448078,0.005425104,1.55099821,-0.624125063,0.00394072244,1.55623078,-0.6411282,0.3496415,1.37638,-0.8213591,0.25934425,1.42871153,-0.5234761,0.275278568,1.43580067,-0.6935089,0.00455310242,1.57438052,-0.6698676,0.17638059,1.4763025,-0.6489631,0.306736857,1.402502,-0.838174462,-0.08889096,1.50998533,-0.49196896,-0.0873473361,1.51507318,-0.6698676,0.17638059,1.4763025
62,0,0,0,0,1,0,0,10,0,15,30,-0.36612894243748545,1,-0.47185971594179854,0.116073467,0.150673687,1.99324811,0.5092368,0.202117071,1.78729725,0.237320378,0.6673188,1.91672838,0.240404129,-0.04836496,1.85830653,0.372336179,-0.0305610448,1.80772161,0.3007498,0.544272,1.92638576,0.138871312,0.400957376,1.98030651,0.431313246,0.425801843,1.83107114,0.312232167,-0.0402188674,1.86801517,0.307347775,0.258180052,1.90321577,0.3027008,0.4743717,1.92267489,0.0515261255,-0.0467346646,1.88406408,0.4829846,-0.02265249,1.61633754,0.307347775,0.258180052,1.90321577
63,0,0,0,0,1,0,0,-20,0,-10,30,0.04333095458576598,3,0.02379390820213058,-0.84475857,0.0712852851,1.49010181,-0.4667423,0.0800612345,1.49674129,-0.6543477,0.425579816,1.30194688,-0.7448078,0.005425104,1.55099821,-0.624125063,0.00394072244,1.55623078,-0.6411282,0.3496415,1.37638,-0.8213591,0.25934425,1.42871153,-0.5234761,0.275278568,1.43580067,-0.6935089,0.00455310242,1.57438052,-0.6698676,0.17638059,1.4763025,-0.6489631,0.306736857,1.402502,-0.838174462,-0.08889096,1.50998533,-0.49196896,-0.0873473361,1.51507318,-0.6698676,0.17638059,1.4763025
64,0,0,0,0,1,0,0,10,0,15,30,-0.36514281903883516,1,-0.4717828508990751,0.115921572,0.150714889,1.993254,0.508877754,0.201950863,1.78707755,0.237193257,0.667396,1.91655815,0.240033418,-0.0484607555,1.85828733,0.3719955,-0.03071374,1.80784011,0.30057773,0.544270933,1.92628264,0.138712958,0.400879174,1.98030818,0.431172818,0.425676167,1.831092,0.3118704,-0.0403437279,1.86806118,0.3070961,0.258129627,1.903177,0.302511632,0.4743599,1.92258716,0.0512371436,-0.0471570157,1.8836261,0.4815845,-0.02305106,1.6165837,0.3070961,0.258129627,1.903177
65,0,0,0,0,1,0,0,-20,0,-15,30,0.06937918197769127,3,0.047533987493991986,-0.8493684,0.0824843347,1.49555433,-0.4704493,0.08417715,1.51584792,-0.651960135,0.4389857,1.32453787,-0.7493533,0.009622912,1.55824459,-0.6284435,0.006811866,1.5666467,-0.644268155,0.3572323,1.38926446,-0.820166945,0.267120242,1.43794811,-0.523921847,0.281167269,1.45204043,-0.6980453,0.008267636,1.58319712,-0.6738129,0.184401408,1.48978794,-0.6523151,0.3147232,1.41572487,-0.843765,-0.07824819,1.51227391,-0.5014788,-0.0936289,1.52990472,-0.6738129,0.184401408,1.48978794
66,0,0,0,0,1,0,0,10,0,15,30,-0.36514281903883516,1,-0.4717828508990751,0.115921572,0.150714889,1.993254,0.508877754,0.201950863,1.78707755,0.237193257,0.667396,1.91655815,0.240033418,-0.0484607555,1.85828733,0.3719955,-0.03071374,1.80784011,0.30057773,0.544270933,1.92628264,0.138712958,0.400879174,1.98030818,0.431172818,0.425676167,1.831092,0.3118704,-0.0403437279,1.86806118,0.3070961,0.258129627,1.903177,0.302511632,0.4743599,1.92258716,0.0512371436,-0.0471570157,1.8836261,0.4815845,-0.02305106,1.6165837,0.3070961,0.258129627,1.903177
67,0,0,0,0,1,0,0,-20,0,-15,30,0.06937918197769127,3,0.047533987493991986,-0.8493684,0.0824843347,1.49555433,-0.4704493,0.08417715,1.51584792,-0.651960135,0.4389857,1.32453787,-0.7493533,0.009622912,1.55824459,-0.6284435,0.006811866,1.5666467,-0.644268155,0.3572323,1.38926446,-0.820166945,0.267120242,1.43794811,-0.523921847,0.281167269,1.45204043,-0.6980453,0.008267636,1.58319712,-0.6738129,0.184401408,1.48978794,-0.6523151,0.3147232,1.41572487,-0.843765,-0.07824819,1.51227391,-0.5014788,-0.0936289,1.52990472,-0.6738129,0.184401408,1.48978794
68,0,0,0,0,1,0,0,10,0,15,30,-0.36538930379148443,1,-0.4721493107387923,0.115489289,0.150390044,1.993265,0.508127749,0.20150727,1.786653,0.236915812,0.6674609,1.91640925,0.239394248,-0.0484875329,1.858377,0.371335536,-0.0308313165,1.80790043,0.30007866,0.544114053,1.92612576,0.138375431,0.400856555,1.98047853,0.430845946,0.4254366,1.8311218,0.31120044,-0.0404173248,1.86813426,0.306509435,0.2580127,1.90313148,0.3019904,0.474213064,1.92245746,0.05118945,-0.04700393,1.883798,0.4798859,-0.0236175414,1.61646616,0.306509435,0.2580127,1.90313148
69,0,0,0,0,1,1,0,-15,1,-10,25,0.09937020569401969,3,0.07924190402934157,-0.8543783,0.0867018253,1.50310314,-0.474298358,0.0890379548,1.533411,-0.650047,0.450688034,1.34839666,-0.7529733,0.012303344,1.56542194,-0.631281257,0.009213654,1.57755446,-0.6476549,0.367307842,1.41175258,-0.821946,0.2750537,1.4525131,-0.52509594,0.288460135,1.47608542,-0.7013497,0.0108926408,1.59219992,-0.6767479,0.190678641,1.50460029,-0.655555546,0.323822379,1.43606746,-0.8490959,-0.07387389,1.5209558,-0.5067643,-0.09090735,1.542703,-0.6767479,0.190678641,1.50460029
70,0,0,0,0,1,0,0,10,0,15,30,-0.36538930379148443,1,-0.4721493107387923,0.115489289,0.150390044,1.993265,0.508127749,0.20150727,1.786653,0.236915812,0.6674609,1.91640925,0.239394248,-0.0484875329,1.858377,0.371335536,-0.0308313165,1.80790043,0.30007866,0.544114053,1.92612576,0.138375431,0.400856555,1.98047853,0.430845946,0.4254366,1.8311218,0.31120044,-0.0404173248,1.86813426,0.306509435,0.2580127,1.90313148,0.3019904,0.474213064,1.92245746,0.05118945,-0.04700393,1.883798,0.4798859,-0.0236175414,1.61646616,0.306509435,0.2580127,1.90313148
71,0,0,0,0,1,1,0,-15,1,-10,25,0.09937020569401969,3,0.07924190402934157,-0.8543783,0.0867018253,1.50310314,-0.474298358,0.0890379548,1.533411,-0.650047,0.450688034,1.34839666,-0.7529733,0.012303344,1.56542194,-0.631281257,0.009213654,1.57755446,-0.6476549,0.367307842,1.41175258,-0.821946,0.2750537,1.4525131,-0.52509594,0.288460135,1.47608542,-0.7013497,0.0108926408,1.59219992,-0.6767479,0.190678641,1.50460029,-0.655555546,0.323822379,1.43606746,-0.8490959,-0.07387389,1.5209558,-0.5067643,-0.09090735,1.542703,-0.6767479,0.190678641,1.50460029
72,0,0,0,0,1,0,0,10,0,15,40,-0.36639019865780487,1,-0.47215947781798534,0.115322508,0.150260448,1.99333572,0.507350862,0.201457217,1.78644383,0.236789688,0.6675767,1.916449,0.238441139,-0.0484415554,1.85865128,0.370537,-0.0308424365,1.807964,0.2996938,0.5439925,1.92609179,0.138238147,0.400754154,1.98052788,0.4305949,0.425237566,1.83122551,0.310305834,-0.04040133,1.86829615,0.305890441,0.257943422,1.903179,0.301551968,0.474102,1.92244065,0.0511349067,-0.0469797142,1.8838526,0.476190925,-0.0238024052,1.61692894,0.305890441,0.257943422,1.903179
73,0,0,0,0,1,1,0,-15,1,-5,20,0.11185842080580498,3,0.10700295492945898,-0.8602589,0.09089221,1.51381922,-0.481361449,0.0951039,1.55771565,-0.65138334,0.461818725,1.37004411,-0.757104337,0.0145611726,1.57578,-0.634281754,0.0112158209,1.58957636,-0.6538476,0.3779135,1.43282712,-0.8232453,0.2844452,1.46767461,-0.5287902,0.294301361,1.499303,-0.704931855,0.0130665218,1.60351419,-0.6813154,0.197268054,1.52126992,-0.661329448,0.3334917,1.45619154,-0.8534762,-0.07415943,1.53131807,-0.513956845,-0.08615835,1.56219506,-0.6813154,0.197268054,1.52126992
74,0,0,0,0,1,0,0,10,0,15,40,-0.36639019865780487,1,-0.47215947781798534,0.115322508,0.150260448,1.99333572,0.507350862,0.201457217,1.78644383,0.236789688,0.6675767,1.916449,0.238441139,-0.0484415554,1.85865128,0.370537,-0.0308424365,1.807964,0.2996938,0.5439925,1.92609179,0.138238147,0.400754154,1.98052788,0.4305949,0.425237566,1.83122551,0.310305834,-0.04040133,1.86829615,0.305890441,0.257943422,1.903179,0.301551968,0.474102,1.92244065,0.0511349067,-0.0469797142,1.8838526,0.476190925,-0.0238024052,1.61692894,0.305890441,0.257943422,1.903179
75,0,0,0,0,1,1,0,-15,1,-5,20,0.11185842080580498,3,0.10700295492945898,-0.8602589,0.09089221,1.51381922,-0.481361449,0.0951039,1.55771565,-0.65138334,0.461818725,1.37004411,-0.757104337,0.0145611726,1.57578,-0.634281754,0.0112158209,1.58957636,-0.6538476,0.3779135,1.43282712,-0.8232453,0.2844452,1.46767461,-0.5287902,0.294301361,1.499303,-0.704931855,0.0130665218,1.60351419,-0.6813154,0.197268054,1.52126992,-0.661329448,0.3334917,1.45619154,-0.8534762,-0.07415943,1.53131807,-0.513956845,-0.08615835,1.56219506,-0.6813154,0.197268054,1.52126992
76,0,0,0,0,1,0,0,10,0,15,30,-0.36818701602829784,1,-0.47424791005438816,0.115081057,0.150158,1.99358571,0.5063363,0.201619714,1.78651667,0.236416563,0.667807937,1.91690254,0.237235934,-0.0484885871,1.8592062,0.369327545,-0.0309287272,1.808248,0.299176484,0.5438611,1.92626023,0.137729988,0.400252044,1.98136485,0.429948181,0.425064117,1.831363,0.309071779,-0.04046936,1.86871243,0.3050298,0.25783217,1.90346408,0.3009534,0.473973185,1.92263591,0.0510662273,-0.0469800159,1.8839072,0.4711422,-0.0234867837,1.61756134,0.3050298,0.25783217,1.90346408
77,0,0,0,1,1,1,0,-10,1,-10,20,0.1555475157111474,3,0.10706023641697557,-0.8687765,0.0960708857,1.52794909,-0.487415254,0.102077737,1.58090615,-0.6595813,0.4592044,1.41792965,-0.7612258,0.015741894,1.58860457,-0.63894403,0.0138967009,1.6077801,-0.673015,0.3674622,1.49481225,-0.8234211,0.2843269,1.46764016,-0.5288419,0.294260144,1.49929893,-0.709288359,0.01496726,1.618963,-0.6936138,0.194610715,1.56334043,-0.6789692,0.324963957,1.51392579,-0.861476839,-0.07795687,1.55147946,-0.5159912,-0.07210737,1.58471417,-0.6936138,0.194610715,1.56334043
78,0,0,0,0,1,0,0,10,0,15,30,-0.36818701602829784,1,-0.47424791005438816,0.115081057,0.150158,1.99358571,0.5063363,0.201619714,1.78651667,0.236416563,0.667807937,1.91690254,0.237235934,-0.0484885871,1.8592062,0.369327545,-0.0309287272,1.808248,0.299176484,0.5438611,1.92626023,0.137729988,0.400252044,1.98136485,0.429948181,0.425064117,1.831363,0.309071779,-0.04046936,1.86871243,0.3050298,0.25783217,1.90346408,0.3009534,0.473973185,1.92263591,0.0510662273,-0.0469800159,1.8839072,0.4711422,-0.0234867837,1.61756134,0.3050298,0.25783217,1.90346408
79,0,0,0,1,1,1,0,-10,1,-10,20,0.1555475157111474,3,0.10706023641697557,-0.8687765,0.0960708857,1.52794909,-0.487415254,0.102077737,1.58090615,-0.6595813,0.4592044,1.41792965,-0.7612258,0.015741894,1.58860457,-0.63894403,0.0138967009,1.6077801,-0.673015,0.3674622,1.49481225,-0.8234211,0.2843269,1.46764016,-0.5288419,0.294260144,1.49929893,-0.709288359,0.01496726,1.618963,-0.6936138,0.194610715,1.56334043,-0.6789692,0.324963957,1.51392579,-0.861476839,-0.07795687,1.55147946,-0.5159912,-0.07210737,1.58471417,-0.6936138,0.194610715,1.56334043
80,0,0,0,0,1,0,0,10,0,15,35,-0.3718003909901767,1,-0.4745604355453298,0.114902563,0.150169268,1.99389613,0.5040078,0.202409774,1.7866168,0.236221,0.667878866,1.9172157,0.235773459,-0.0484250449,1.86013818,0.367958874,-0.0309686717,1.80859435,0.298544645,0.5438442,1.926673,0.137507945,0.400033683,1.981523,0.429376423,0.425000131,1.83158541,0.307637453,-0.0404600874,1.86933184,0.304007351,0.257828772,1.90398824,0.3002274,0.473959446,1.92307734,0.05096325,-0.047161594,1.88406861,0.465672851,-0.02294584,1.618684,0.304007351,0.257828772,1.90398824
81,0,0,0,0,1,1,0,-10,1,-10,20,0.18823305117760972,3,0.1594178532567803,-0.8788669,0.101757593,1.544941,-0.495651245,0.109434038,1.6049577,-0.6630578,0.472575516,1.440565,-0.76979506,0.0181880966,1.606671,-0.6488117,0.0155822691,1.62971687,-0.67712456,0.371778041,1.5098027,-0.8366754,0.304856449,1.51606977,-0.5434867,0.3066142,1.5632093,-0.718508542,0.0171162,1.63906288,-0.698925853,0.197095871,1.57721412,-0.6831478,0.328732848,1.52784479,-0.8685588,-0.07753994,1.56629622,-0.5213478,-0.0669889152,1.60275447,-0.698925853,0.197095871,1.57721412
82,0,0,0,0,1,0,0,10,0,15,35,-0.3718003909901767,1,-0.4745604355453298,0.114902563,0.150169268,1.99389613,0.5040078,0.202409774,1.7866168,0.236221,0.667878866,1.9172157,0.235773459,-0.0484250449,1.86013818,0.367958874,-0.0309686717,1.80859435,0.298544645,0.5438442,1.926673,0.137507945,0.400033683,1.981523,0.429376423,0.425000131,1.83158541,0.307637453,-0.0404600874,1.86933184,0.304007351,0.257828772,1.90398824,0.3002274,0.473959446,1.92307734,0.05096325,-0.047161594,1.88406861,0.465672851,-0.02294584,1.618684,0.304007351,0.257828772,1.90398824
83,0,0,0,0,1,1,0,-10,1,-10,20,0.18823305117760972,3,0.1594178532567803,-0.8788669,0.101757593,1.544941,-0.495651245,0.109434038,1.6049577,-0.6630578,0.472575516,1.440565,-0.76979506,0.0181880966,1.606671,-0.6488117,0.0155822691,1.62971687,-0.67712456,0.371778041,1.5098027,-0.8366754,0.304856449,1.51606977,-0.5434867,0.3066142,1.5632093,-0.718508542,0.0171162,1.63906288,-0.698925853,0.197095871,1.57721412,-0.6831478,0.328732848,1.52784479,-0.8685588,-0.07753994,1.56629622,-0.5213478,-0.0669889152,1.60275447,-0.698925853,0.197095871,1.57721412
84,0,0,0,0,1,0,0,10,0,15,30,-0.3783267040569401,1,-0.47892537252900524,0.11450123,0.149656579,1.995095,0.5021997,0.202234089,1.78631449,0.234973833,0.668738067,1.919449,0.234022692,-0.04815496,1.86156654,0.365969539,-0.0308585875,1.80912113,0.297831833,0.543965638,1.92736554,0.136438161,0.399880856,1.98357725,0.428359956,0.424812526,1.83199811,0.305755228,-0.0402717143,1.8702848,0.302752256,0.257986158,1.9048183,0.299388319,0.47408995,1.92380476,0.05108758,-0.04696901,1.88506007,0.458177477,-0.0243265741,1.62148309,0.302752256,0.257986158,1.9048183
85,0,0,0,1,1,1,0,-10,1,-10,20,0.21078099019277724,3,0.1859228761115764,-0.890229762,0.107008465,1.56382561,-0.5050065,0.118974462,1.63020265,-0.6700401,0.4841109,1.47081053,-0.776617646,0.0185541958,1.62552452,-0.658497632,0.0161011145,1.65079737,-0.6853899,0.379670322,1.53626585,-0.83988297,0.306472361,1.52513933,-0.5481011,0.309061825,1.5800221,-0.7266933,0.01755103,1.659032,-0.707644761,0.200978741,1.60109842,-0.691553354,0.3356985,1.55374646,-0.8772921,-0.07642567,1.58346188,-0.528085351,-0.0463966057,1.63582444,-0.707644761,0.200978741,1.60109842
86,0,0,0,0,1,0,0,10,0,15,30,-0.3783267040569401,1,-0.47892537252900524,0.11450123,0.149656579,1.995095,0.5021997,0.202234089,1.78631449,0.234973833,0.668738067,1.919449,0.234022692,-0.04815496,1.86156654,0.365969539,-0.0308585875,1.80912113,0.297831833,0.543965638,1.92736554,0.136438161,0.399880856,1.98357725,0.428359956,0.424812526,1.83199811,0.305755228,-0.0402717143,1.8702848,0.302752256,0.257986158,1.9048183,0.299388319,0.47408995,1.92380476,0.05108758,-0.04696901,1.88506007,0.458177477,-0.0243265741,1.62148309,0.302752256,0.257986158,1.9048183
87,0,0,0,1,1,1,0,-10,1,-10,20,0.21078099019277724,3,0.1859228761115764,-0.890229762,0.107008465,1.56382561,-0.5050065,0.118974462,1.63020265,-0.6700401,0.4841109,1.47081053,-0.776617646,0.0185541958,1.62552452,-0.658497632,0.0161011145,1.65079737,-0.6853899,0.379670322,1.53626585,-0.83988297,0.306472361,1.52513933,-0.5481011,0.309061825,1.5800221,-0.7266933,0.01755103,1.659032,-0.707644761,0.200978741,1.60109842,-0.691553354,0.3356985,1.55374646,-0.8772921,-0.07642567,1.58346188,-0.528085351,-0.0463966057,1.63582444,-0.707644761,0.200978741,1.60109842
88,0,0,0,0,1,0,0,15,0,20,35,-0.3878522282844616,1,-0.48596759236256465,0.114127107,0.149143949,1.99599373,0.498318851,0.202964038,1.78596187,0.233117908,0.669543,1.92230761,0.230549857,-0.04786997,1.86384118,0.362115979,-0.03095003,1.8100903,0.296599448,0.543839455,1.92807841,0.134473979,0.399994642,1.98665082,0.4267701,0.4244854,1.83225429,0.3020356,-0.040174067,1.87190247,0.300388366,0.257940561,1.90595293,0.297897547,0.473977655,1.92461681,0.0509814322,-0.047103446,1.88558233,0.450176924,-0.02497995,1.62430084,0.300388366,0.257940561,1.90595293
89,0,0,0,0,0,1,0,-5,1,-10,15,0.24213759086725453,3,0.2066297970737776,-0.901676655,0.112069145,1.58043671,-0.5154798,0.124110386,1.6589365,-0.6803802,0.4921596,1.50008035,-0.787196636,0.0186633728,1.64106619,-0.671420753,0.0150989555,1.66966093,-0.697788,0.386401236,1.56347919,-0.8490225,0.309829831,1.5486784,-0.559575737,0.311306983,1.60935271,-0.7384935,0.0171212964,1.67621529,-0.719690859,0.20391421,1.62281227,-0.703846,0.341460526,1.57949233,-0.8886726,-0.07815223,1.60407877,-0.536824048,-0.0451065525,1.65295458,-0.719690859,0.20391421,1.62281227
90,0,0,0,0,1,0,0,15,0,20,35,-0.3878522282844616,1,-0.48596759236256465,0.114127107,0.149143949,1.99599373,0.498318851,0.202964038,1.78596187,0.233117908,0.669543,1.92230761,0.230549857,-0.04786997,1.86384118,0.362115979,-0.03095003,1.8100903,0.296599448,0.543839455,1.92807841,0.134473979,0.399994642,1.98665082,0.4267701,0.4244854,1.83225429,0.3020356,-0.040174067,1.87190247,0.300388366,0.257940561,1.90595293,0.297897547,0.473977655,1.92461681,0.0509814322,-0.047103446,1.88558233,0.450176924,-0.02497995,1.62430084,0.300388366,0.257940561,1.90595293
91,0,0,0,0,0,1,0,-5,1,-10,15,0.24213759086725453,3,0.2066297970737776,-0.901676655,0.112069145,1.58043671,-0.5154798,0.124110386,1.6589365,-0.6803802,0.4921596,1.50008035,-0.787196636,0.0186633728,1.64106619,-0.671420753,0.0150989555,1.66966093,-0.697788,0.386401236,1.56347919,-0.8490225,0.309829831,1.5486784,-0.559575737,0.311306983,1.60935271,-0.7384935,0.0171212964,1.67621529,-0.719690859,0.20391421,1.62281227,-0.703846,0.341460526,1.57949233,-0.8886726,-0.07815223,1.60407877,-0.536824048,-0.0451065525,1.65295458,-0.719690859,0.20391421,1.62281227
92,0,0,0,0,1,0,0,20,0,20,35,-0.40092327364024744,1,-0.495057318618791,0.113923922,0.149115369,1.99677551,0.4947885,0.204417765,1.78516936,0.2294194,0.6700284,1.92712879,0.227496937,-0.0482700877,1.86591864,0.358163923,-0.0312582068,1.81053126,0.295463115,0.543975055,1.92847311,0.132811069,0.398564249,1.989362,0.4241245,0.4240303,1.83208132,0.2985352,-0.04052392,1.873167,0.298143238,0.257906467,1.90674424,0.296503216,0.4740853,1.92510152,0.05083926,-0.04678041,1.88646686,0.443247437,-0.02422921,1.62611568,0.298143238,0.257906467,1.90674424
93,0,0,0,0,0,1,0,-5,1,-10,15,0.24930547889020283,3,0.22183191391327547,-0.9145016,0.116040021,1.60029256,-0.5273945,0.127318352,1.683497,-0.690177441,0.5013143,1.52770352,-0.795821,0.0202638619,1.657142,-0.6807593,0.0161620565,1.686437,-0.7073621,0.392010778,1.58742023,-0.858429432,0.31386292,1.57109439,-0.5704513,0.316047132,1.636046,-0.7475199,0.0184562933,1.69267666,-0.729151,0.207542986,1.643406,-0.713414,0.346625715,1.60269272,-0.898690641,-0.0760284141,1.61830127,-0.548291564,-0.03368327,1.68313336,-0.729151,0.207542986,1.643406
94,0,0,0,0,1,0,0,20,0,20,35,-0.40092327364024744,1,-0.495057318618791,0.113923922,0.149115369,1.99677551,0.4947885,0.204417765,1.78516936,0.2294194,0.6700284,1.92712879,0.227496937,-0.0482700877,1.86591864,0.358163923,-0.0312582068,1.81053126,0.295463115,0.543975055,1.92847311,0.132811069,0.398564249,1.989362,0.4241245,0.4240303,1.83208132,0.2985352,-0.04052392,1.873167,0.298143238,0.257906467,1.90674424,0.296503216,0.4740853,1.92510152,0.05083926,-0.04678041,1.88646686,0.443247437,-0.02422921,1.62611568,0.298143238,0.257906467,1.90674424
95,0,0,0,0,0,1,0,-5,1,-10,15,0.24930547889020283,3,0.22183191391327547,-0.9145016,0.116040021,1.60029256,-0.5273945,0.127318352,1.683497,-0.690177441,0.5013143,1.52770352,-0.795821,0.0202638619,1.657142,-0.6807593,0.0161620565,1.686437,-0.7073621,0.392010778,1.58742023,-0.858429432,0.31386292,1.57109439,-0.5704513,0.316047132,1.636046,-0.7475199,0.0184562933,1.69267666,-0.729151,0.207542986,1.643406,-0.713414,0.346625715,1.60269272,-0.898690641,-0.0760284141,1.61830127,-0.548291564,-0.03368327,1.68313336,-0.729151,0.207542986,1.643406
96,0,0,0,0,0,1,0,-5,0,-10,15,0.26087856891320976,3,0.2195979326330966,-0.9304014,0.120806105,1.62413418,-0.540355742,0.128279954,1.71186423,-0.700836957,0.5100901,1.5551101,-0.808313549,0.0210731328,1.6785537,-0.693498433,0.0167117,1.709205,-0.7176801,0.3985051,1.61233,-0.871775746,0.318544,1.59983981,-0.581128,0.318870366,1.66471159,-0.7601706,0.0191317946,1.71475327,-0.740490556,0.211239085,1.66683817,-0.72395426,0.352426618,1.62719667,-0.9145124,-0.07867875,1.643098,-0.562277138,-0.0346172042,1.70195806,-0.740490556,0.211239085,1.66683817
97,0,0,0,0,0,1,0,-5,0,-10,15,0.26087856891320976,3,0.2195979326330966,-0.9304014,0.120806105,1.62413418,-0.540355742,0.128279954,1.71186423,-0.700836957,0.5100901,1.5551101,-0.808313549,0.0210731328,1.6785537,-0.693498433,0.0167117,1.709205,-0.7176801,0.3985051,1.61233,-0.871775746,0.318544,1.59983981,-0.581128,0.318870366,1.66471159,-0.7601706,0.0191317946,1.71475327,-0.740490556,0.211239085,1.66683817,-0.72395426,0.352426618,1.62719667,-0.9145124,-0.07867875,1.643098,-0.562277138,-0.0346172042,1.70195806,-0.740490556,0.211239085,1.66683817
98,0,0,0,0,1,0,0,25,0,20,40,-0.4325006261071238,1,-0.5388491313630087,0.1130083,0.147682682,2.00134063,0.4855348,0.2114713,1.783915,0.219585121,0.6704612,1.94022918,0.219480217,-0.0496525653,1.87196338,0.346851677,-0.0330259576,1.81316221,0.289447337,0.5451436,1.93244362,0.128085285,0.395877481,2.0028398,0.4146282,0.4232319,1.83152544,0.288746327,-0.0421061143,1.87755311,0.290142715,0.257805049,1.91099632,0.289969355,0.4749593,1.929156,0.0493555553,-0.04669477,1.89111567,0.42251423,-0.0211049747,1.63476515,0.290142715,0.257805049,1.91099632
99,0,0,0,0,0,1,0,-5,1,-10,15,0.26689625141229184,3,0.22743291172218733,-0.9466464,0.124653749,1.64538646,-0.55357337,0.129192442,1.736482,-0.7159113,0.5149527,1.58672881,-0.822199643,0.0229270514,1.69474816,-0.707618654,0.0186239854,1.72607684,-0.7347786,0.405278623,1.64514935,-0.88408947,0.321846217,1.62270713,-0.593427241,0.3252417,1.68997717,-0.774250865,0.0210315883,1.73127484,-0.756106,0.2154265,1.69091988,-0.740693867,0.3585296,1.65774047,-0.923768044,-0.079913795,1.65460241,-0.5762663,-0.0316285752,1.72817659,-0.756106,0.2154265,1.69091988
